snapshot_date,id,name,full_name,html_url,description,stargazers_count,forks_count,open_issues_count,contributors_count,hot_score,language,topics,created_at,updated_at,pushed_at
2026-03-19,660551251,MetaGPT,FoundationAgents/MetaGPT,https://github.com/FoundationAgents/MetaGPT,"🌟 The Multi-Agent Framework: First AI Software Company, Towards Natural Language Programming",65585,8265,94,100,41840.5,Python,"agent,gpt,llm,metagpt,multi-agent",2023-06-30T09:04:55Z,2026-03-19T09:26:03Z,2026-01-21T10:12:33Z
2026-03-20,660551251,MetaGPT,FoundationAgents/MetaGPT,https://github.com/FoundationAgents/MetaGPT,"🌟 The Multi-Agent Framework: First AI Software Company, Towards Natural Language Programming",65642,8272,94,100,41876.8,Python,"agent,gpt,llm,metagpt,multi-agent",2023-06-30T09:04:55Z,2026-03-20T06:58:02Z,2026-01-21T10:12:33Z
2026-03-21,660551251,MetaGPT,FoundationAgents/MetaGPT,https://github.com/FoundationAgents/MetaGPT,"🌟 The Multi-Agent Framework: First AI Software Company, Towards Natural Language Programming",65678,8276,89,100,41899.6,Python,"agent,gpt,llm,metagpt,multi-agent",2023-06-30T09:04:55Z,2026-03-21T00:37:33Z,2026-01-21T10:12:33Z
2026-03-22,660551251,MetaGPT,FoundationAgents/MetaGPT,https://github.com/FoundationAgents/MetaGPT,"🌟 The Multi-Agent Framework: First AI Software Company, Towards Natural Language Programming",65728,8284,92,100,41931.99999999999,Python,"agent,gpt,llm,metagpt,multi-agent",2023-06-30T09:04:55Z,2026-03-22T00:24:42Z,2026-01-21T10:12:33Z
2026-03-23,660551251,MetaGPT,FoundationAgents/MetaGPT,https://github.com/FoundationAgents/MetaGPT,"🌟 The Multi-Agent Framework: First AI Software Company, Towards Natural Language Programming",65810,8297,94,100,41985.1,Python,"agent,gpt,llm,metagpt,multi-agent",2023-06-30T09:04:55Z,2026-03-23T01:01:53Z,2026-01-21T10:12:33Z
2026-03-24,660551251,MetaGPT,FoundationAgents/MetaGPT,https://github.com/FoundationAgents/MetaGPT,"🌟 The Multi-Agent Framework: First AI Software Company, Towards Natural Language Programming",65948,8316,94,100,42073.6,Python,"agent,gpt,llm,metagpt,multi-agent",2023-06-30T09:04:55Z,2026-03-24T00:55:31Z,2026-01-21T10:12:33Z
2026-03-19,649170660,anything-llm,Mintplex-Labs/anything-llm,https://github.com/Mintplex-Labs/anything-llm,The all-in-one AI productivity accelerator. On device and privacy first with no annoying setup or configuration.,56451,6098,306,100,35710.0,JavaScript,"ai-agents,custom-ai-agents,deepseek,kimi,llama3,llm,lmstudio,local-llm,localai,mcp,mcp-servers,moonshot,multimodal,no-code,ollama,qwen3,rag,vector-database,web-scraping",2023-06-04T02:29:14Z,2026-03-19T09:16:35Z,2026-03-19T02:56:49Z
2026-03-20,649170660,anything-llm,Mintplex-Labs/anything-llm,https://github.com/Mintplex-Labs/anything-llm,The all-in-one AI productivity accelerator. On device and privacy first with no annoying setup or configuration.,56495,6101,308,100,35737.3,JavaScript,"ai-agents,custom-ai-agents,deepseek,kimi,llama3,llm,lmstudio,local-llm,localai,mcp,mcp-servers,moonshot,multimodal,no-code,ollama,qwen3,rag,vector-database,web-scraping",2023-06-04T02:29:14Z,2026-03-20T07:00:13Z,2026-03-20T04:10:41Z
2026-03-21,649170660,anything-llm,Mintplex-Labs/anything-llm,https://github.com/Mintplex-Labs/anything-llm,The all-in-one AI productivity accelerator. On device and privacy first with no annoying setup or configuration.,56524,6106,306,100,35756.200000000004,JavaScript,"ai-agents,custom-ai-agents,deepseek,kimi,llama3,llm,lmstudio,local-llm,localai,mcp,mcp-servers,moonshot,multimodal,no-code,ollama,qwen3,rag,vector-database,web-scraping",2023-06-04T02:29:14Z,2026-03-21T00:52:44Z,2026-03-21T00:04:46Z
2026-03-22,649170660,anything-llm,Mintplex-Labs/anything-llm,https://github.com/Mintplex-Labs/anything-llm,The all-in-one AI productivity accelerator. On device and privacy first with no annoying setup or configuration.,56564,6115,306,100,35782.9,JavaScript,"ai-agents,custom-ai-agents,deepseek,kimi,llama3,llm,lmstudio,local-llm,localai,mcp,mcp-servers,moonshot,multimodal,no-code,ollama,qwen3,rag,vector-database,web-scraping",2023-06-04T02:29:14Z,2026-03-22T00:35:37Z,2026-03-21T04:02:30Z
2026-03-23,649170660,anything-llm,Mintplex-Labs/anything-llm,https://github.com/Mintplex-Labs/anything-llm,The all-in-one AI productivity accelerator. On device and privacy first with no annoying setup or configuration.,56592,6122,310,100,35801.8,JavaScript,"ai-agents,custom-ai-agents,deepseek,kimi,llama3,llm,lmstudio,local-llm,localai,mcp,mcp-servers,moonshot,multimodal,no-code,ollama,qwen3,rag,vector-database,web-scraping",2023-06-04T02:29:14Z,2026-03-23T00:47:23Z,2026-03-21T04:02:30Z
2026-03-24,649170660,anything-llm,Mintplex-Labs/anything-llm,https://github.com/Mintplex-Labs/anything-llm,The all-in-one AI productivity accelerator. On device and privacy first with no annoying setup or configuration.,56639,6121,299,100,35829.700000000004,JavaScript,"ai-agents,custom-ai-agents,deepseek,kimi,llama3,llm,lmstudio,local-llm,localai,mcp,mcp-servers,moonshot,multimodal,no-code,ollama,qwen3,rag,vector-database,web-scraping",2023-06-04T02:29:14Z,2026-03-24T00:51:56Z,2026-03-23T23:49:08Z
2026-03-19,771302083,OpenHands,OpenHands/OpenHands,https://github.com/OpenHands/OpenHands,🙌 OpenHands: AI-Driven Development,69388,8698,330,100,44252.2,Python,"agent,artificial-intelligence,chatgpt,claude-ai,cli,developer-tools,gpt,llm,openai",2024-03-13T03:33:31Z,2026-03-19T09:29:08Z,2026-03-19T09:10:08Z
2026-03-20,771302083,OpenHands,OpenHands/OpenHands,https://github.com/OpenHands/OpenHands,🙌 OpenHands: AI-Driven Development,69450,8710,325,100,44293.0,Python,"agent,artificial-intelligence,chatgpt,claude-ai,cli,developer-tools,gpt,llm,openai",2024-03-13T03:33:31Z,2026-03-20T06:49:53Z,2026-03-20T03:07:03Z
2026-03-21,771302083,OpenHands,OpenHands/OpenHands,https://github.com/OpenHands/OpenHands,🙌 OpenHands: AI-Driven Development,69466,8709,324,100,44302.3,Python,"agent,artificial-intelligence,chatgpt,claude-ai,cli,developer-tools,gpt,llm,openai",2024-03-13T03:33:31Z,2026-03-20T23:13:06Z,2026-03-20T20:44:30Z
2026-03-22,771302083,OpenHands,OpenHands/OpenHands,https://github.com/OpenHands/OpenHands,🙌 OpenHands: AI-Driven Development,69507,8714,334,100,44328.4,Python,"agent,artificial-intelligence,chatgpt,claude-ai,cli,developer-tools,gpt,llm,openai",2024-03-13T03:33:31Z,2026-03-22T00:10:09Z,2026-03-22T00:33:29Z
2026-03-23,771302083,OpenHands,OpenHands/OpenHands,https://github.com/OpenHands/OpenHands,🙌 OpenHands: AI-Driven Development,69558,8725,339,100,44362.3,Python,"agent,artificial-intelligence,chatgpt,claude-ai,cli,developer-tools,gpt,llm,openai",2024-03-13T03:33:31Z,2026-03-23T00:57:56Z,2026-03-22T23:22:04Z
2026-03-24,771302083,OpenHands,OpenHands/OpenHands,https://github.com/OpenHands/OpenHands,🙌 OpenHands: AI-Driven Development,69618,8724,340,100,44397.99999999999,Python,"agent,artificial-intelligence,chatgpt,claude-ai,cli,developer-tools,gpt,llm,openai",2024-03-13T03:33:31Z,2026-03-24T00:32:19Z,2026-03-24T00:50:28Z
2026-03-19,1136590548,everything-claude-code,affaan-m/everything-claude-code,https://github.com/affaan-m/everything-claude-code,"The agent harness performance optimization system. Skills, instincts, memory, security, and research-first development for Claude Code, Codex, Opencode, Cursor and beyond.",86621,11339,66,92,55383.49999999999,JavaScript,"ai-agents,anthropic,claude,claude-code,developer-tools,llm,mcp,productivity",2026-01-18T00:51:51Z,2026-03-19T09:29:10Z,2026-03-18T21:34:15Z
2026-03-20,1136590548,everything-claude-code,affaan-m/everything-claude-code,https://github.com/affaan-m/everything-claude-code,"The agent harness performance optimization system. Skills, instincts, memory, security, and research-first development for Claude Code, Codex, Opencode, Cursor and beyond.",88935,11652,65,95,56866.1,JavaScript,"ai-agents,anthropic,claude,claude-code,developer-tools,llm,mcp,productivity",2026-01-18T00:51:51Z,2026-03-20T07:00:15Z,2026-03-20T05:47:47Z
2026-03-21,1136590548,everything-claude-code,affaan-m/everything-claude-code,https://github.com/affaan-m/everything-claude-code,"The agent harness performance optimization system. Skills, instincts, memory, security, and research-first development for Claude Code, Codex, Opencode, Cursor and beyond.",90799,11913,30,100,58063.3,JavaScript,"ai-agents,anthropic,claude,claude-code,developer-tools,llm,mcp,productivity",2026-01-18T00:51:51Z,2026-03-21T00:55:23Z,2026-03-20T14:30:52Z
2026-03-22,1136590548,everything-claude-code,affaan-m/everything-claude-code,https://github.com/affaan-m/everything-claude-code,"The agent harness performance optimization system. Skills, instincts, memory, security, and research-first development for Claude Code, Codex, Opencode, Cursor and beyond.",94310,12339,42,100,60297.7,JavaScript,"ai-agents,anthropic,claude,claude-code,developer-tools,llm,mcp,productivity",2026-01-18T00:51:51Z,2026-03-22T01:02:05Z,2026-03-21T10:02:14Z
2026-03-23,1136590548,everything-claude-code,affaan-m/everything-claude-code,https://github.com/affaan-m/everything-claude-code,"The agent harness performance optimization system. Skills, instincts, memory, security, and research-first development for Claude Code, Codex, Opencode, Cursor and beyond.",98072,12807,80,100,62695.3,JavaScript,"ai-agents,anthropic,claude,claude-code,developer-tools,llm,mcp,productivity",2026-01-18T00:51:51Z,2026-03-23T01:03:33Z,2026-03-22T23:21:45Z
2026-03-24,1136590548,everything-claude-code,affaan-m/everything-claude-code,https://github.com/affaan-m/everything-claude-code,"The agent harness performance optimization system. Skills, instincts, memory, security, and research-first development for Claude Code, Codex, Opencode, Cursor and beyond.",101955,13278,103,100,65166.4,JavaScript,"ai-agents,anthropic,claude,claude-code,developer-tools,llm,mcp,productivity",2026-01-18T00:51:51Z,2026-03-24T00:56:14Z,2026-03-23T11:35:33Z
2026-03-19,881458615,browser-use,browser-use/browser-use,https://github.com/browser-use/browser-use,🌐 Make websites accessible for AI agents. Automate tasks online with ease.,81279,9603,224,100,51658.3,Python,"ai-agents,ai-tools,browser-automation,browser-use,llm,playwright,python",2024-10-31T16:00:56Z,2026-03-19T09:28:49Z,2026-03-19T01:08:01Z
2026-03-20,881458615,browser-use,browser-use/browser-use,https://github.com/browser-use/browser-use,🌐 Make websites accessible for AI agents. Automate tasks online with ease.,81355,9612,228,100,51706.6,Python,"ai-agents,ai-tools,browser-automation,browser-use,llm,playwright,python",2024-10-31T16:00:56Z,2026-03-20T06:58:17Z,2026-03-20T06:33:12Z
2026-03-21,881458615,browser-use,browser-use/browser-use,https://github.com/browser-use/browser-use,🌐 Make websites accessible for AI agents. Automate tasks online with ease.,81438,9616,227,100,51757.6,Python,"ai-agents,ai-tools,browser-automation,browser-use,llm,playwright,python",2024-10-31T16:00:56Z,2026-03-21T00:53:08Z,2026-03-20T20:01:38Z
2026-03-22,881458615,browser-use,browser-use/browser-use,https://github.com/browser-use/browser-use,🌐 Make websites accessible for AI agents. Automate tasks online with ease.,81853,9636,229,100,52012.6,Python,"ai-agents,ai-tools,browser-automation,browser-use,llm,playwright,python",2024-10-31T16:00:56Z,2026-03-22T00:58:00Z,2026-03-22T00:26:23Z
2026-03-23,881458615,browser-use,browser-use/browser-use,https://github.com/browser-use/browser-use,🌐 Make websites accessible for AI agents. Automate tasks online with ease.,82563,9677,208,100,52450.9,Python,"ai-agents,ai-tools,browser-automation,browser-use,llm,playwright,python",2024-10-31T16:00:56Z,2026-03-23T01:02:18Z,2026-03-22T21:21:40Z
2026-03-24,881458615,browser-use,browser-use/browser-use,https://github.com/browser-use/browser-use,🌐 Make websites accessible for AI agents. Automate tasks online with ease.,83632,9730,216,100,53108.2,Python,"ai-agents,ai-tools,browser-automation,browser-use,llm,playwright,python",2024-10-31T16:00:56Z,2026-03-24T00:55:42Z,2026-03-23T23:44:28Z
2026-03-19,574523116,prompts.chat,f/prompts.chat,https://github.com/f/prompts.chat,"f.k.a. Awesome ChatGPT Prompts. Share, discover, and collect prompts from the community. Free and open source — self-host for your organization with complete privacy.",153284,20166,32,100,98030.2,HTML,"ai,artificial-intelligence,awesome-list,chatgpt,chatgpt-prompts,claude,gemini,gpt,gpt-4,llm,machine-learning,nextjs,open-source,openai,prompt-engineering,prompts,prompts-chat,typescript",2022-12-05T13:54:13Z,2026-03-19T09:22:49Z,2026-03-19T07:29:47Z
2026-03-20,574523116,prompts.chat,f/prompts.chat,https://github.com/f/prompts.chat,"f.k.a. Awesome ChatGPT Prompts. Share, discover, and collect prompts from the community. Free and open source — self-host for your organization with complete privacy.",153384,20190,36,100,98097.4,HTML,"ai,artificial-intelligence,awesome-list,chatgpt,chatgpt-prompts,claude,gemini,gpt,gpt-4,llm,machine-learning,nextjs,open-source,openai,prompt-engineering,prompts,prompts-chat,typescript",2022-12-05T13:54:13Z,2026-03-20T06:54:17Z,2026-03-20T03:50:59Z
2026-03-21,574523116,prompts.chat,f/prompts.chat,https://github.com/f/prompts.chat,"f.k.a. Awesome ChatGPT Prompts. Share, discover, and collect prompts from the community. Free and open source — self-host for your organization with complete privacy.",153443,20183,35,100,98130.7,HTML,"ai,artificial-intelligence,awesome-list,chatgpt,chatgpt-prompts,claude,gemini,gpt,gpt-4,llm,machine-learning,nextjs,open-source,openai,prompt-engineering,prompts,prompts-chat,typescript",2022-12-05T13:54:13Z,2026-03-21T00:50:34Z,2026-03-20T03:50:59Z
2026-03-22,574523116,prompts.chat,f/prompts.chat,https://github.com/f/prompts.chat,"f.k.a. Awesome ChatGPT Prompts. Share, discover, and collect prompts from the community. Free and open source — self-host for your organization with complete privacy.",153612,20199,38,100,98236.9,HTML,"ai,artificial-intelligence,awesome-list,chatgpt,chatgpt-prompts,claude,gemini,gpt,gpt-4,llm,machine-learning,nextjs,open-source,openai,prompt-engineering,prompts,prompts-chat,typescript",2022-12-05T13:54:13Z,2026-03-22T01:00:42Z,2026-03-21T21:40:23Z
2026-03-23,574523116,prompts.chat,f/prompts.chat,https://github.com/f/prompts.chat,"f.k.a. Awesome ChatGPT Prompts. Share, discover, and collect prompts from the community. Free and open source — self-host for your organization with complete privacy.",153848,20234,38,100,98389.0,HTML,"ai,artificial-intelligence,awesome-list,chatgpt,chatgpt-prompts,claude,gemini,gpt,gpt-4,llm,machine-learning,nextjs,open-source,openai,prompt-engineering,prompts,prompts-chat,typescript",2022-12-05T13:54:13Z,2026-03-23T00:55:50Z,2026-03-22T15:27:55Z
2026-03-24,574523116,prompts.chat,f/prompts.chat,https://github.com/f/prompts.chat,"f.k.a. Awesome ChatGPT Prompts. Share, discover, and collect prompts from the community. Free and open source — self-host for your organization with complete privacy.",154028,20245,38,100,98500.3,HTML,"ai,artificial-intelligence,awesome-list,chatgpt,chatgpt-prompts,claude,gemini,gpt,gpt-4,llm,machine-learning,nextjs,open-source,openai,prompt-engineering,prompts,prompts-chat,typescript",2022-12-05T13:54:13Z,2026-03-24T00:55:40Z,2026-03-23T03:57:34Z
2026-03-19,787076358,firecrawl,firecrawl/firecrawl,https://github.com/firecrawl/firecrawl,🔥 The Web Data API for AI - Turn entire websites into LLM-ready markdown or structured data,95041,6510,219,100,58987.6,TypeScript,"ai,ai-agents,ai-crawler,ai-scraping,ai-search,crawler,data-extraction,html-to-markdown,llm,markdown,scraper,scraping,web-crawler,web-data,web-data-extraction,web-scraper,web-scraping,web-search,webscraping",2024-04-15T21:02:29Z,2026-03-19T09:28:14Z,2026-03-19T05:51:53Z
2026-03-20,787076358,firecrawl,firecrawl/firecrawl,https://github.com/firecrawl/firecrawl,🔥 The Web Data API for AI - Turn entire websites into LLM-ready markdown or structured data,95451,6522,220,100,59237.2,TypeScript,"ai,ai-agents,ai-crawler,ai-scraping,ai-search,crawler,data-extraction,html-to-markdown,llm,markdown,scraper,scraping,web-crawler,web-data,web-data-extraction,web-scraper,web-scraping,web-search,webscraping",2024-04-15T21:02:29Z,2026-03-20T07:00:22Z,2026-03-20T03:40:21Z
2026-03-21,787076358,firecrawl,firecrawl/firecrawl,https://github.com/firecrawl/firecrawl,🔥 The Web Data API for AI - Turn entire websites into LLM-ready markdown or structured data,95743,6528,227,100,59414.2,TypeScript,"ai,ai-agents,ai-crawler,ai-scraping,ai-search,crawler,data-extraction,html-to-markdown,llm,markdown,scraper,scraping,web-crawler,web-data,web-data-extraction,web-scraper,web-scraping,web-search,webscraping",2024-04-15T21:02:29Z,2026-03-21T00:53:47Z,2026-03-20T20:59:50Z
2026-03-22,787076358,firecrawl,firecrawl/firecrawl,https://github.com/firecrawl/firecrawl,🔥 The Web Data API for AI - Turn entire websites into LLM-ready markdown or structured data,96144,6545,230,100,59659.9,TypeScript,"ai,ai-agents,ai-crawler,ai-scraping,ai-search,crawler,data-extraction,html-to-markdown,llm,markdown,scraper,scraping,web-crawler,web-data,web-data-extraction,web-scraper,web-scraping,web-search,webscraping",2024-04-15T21:02:29Z,2026-03-22T01:01:08Z,2026-03-21T21:16:29Z
2026-03-23,787076358,firecrawl,firecrawl/firecrawl,https://github.com/firecrawl/firecrawl,🔥 The Web Data API for AI - Turn entire websites into LLM-ready markdown or structured data,96575,6558,233,100,59922.4,TypeScript,"ai,ai-agents,ai-crawler,ai-scraping,ai-search,crawler,data-extraction,html-to-markdown,llm,markdown,scraper,scraping,web-crawler,web-data,web-data-extraction,web-scraper,web-scraping,web-search,webscraping",2024-04-15T21:02:29Z,2026-03-23T00:34:32Z,2026-03-23T00:22:36Z
2026-03-24,787076358,firecrawl,firecrawl/firecrawl,https://github.com/firecrawl/firecrawl,🔥 The Web Data API for AI - Turn entire websites into LLM-ready markdown or structured data,97017,6570,233,100,60191.2,TypeScript,"ai,ai-agents,ai-crawler,ai-scraping,ai-search,crawler,data-extraction,html-to-markdown,llm,markdown,scraper,scraping,web-crawler,web-data,web-data-extraction,web-scraper,web-scraping,web-search,webscraping",2024-04-15T21:02:29Z,2026-03-24T00:56:21Z,2026-03-24T00:56:14Z
2026-03-19,646410686,LlamaFactory,hiyouga/LlamaFactory,https://github.com/hiyouga/LlamaFactory,Unified Efficient Fine-Tuning of 100+ LLMs & VLMs (ACL 2024),68710,8374,931,100,43748.2,Python,"agent,ai,deepseek,fine-tuning,gemma,gpt,instruction-tuning,large-language-models,llama,llama3,llm,lora,moe,nlp,peft,qlora,quantization,qwen,rlhf,transformers",2023-05-28T10:09:12Z,2026-03-19T09:18:10Z,2026-03-18T11:18:06Z
2026-03-20,646410686,LlamaFactory,hiyouga/LlamaFactory,https://github.com/hiyouga/LlamaFactory,Unified Efficient Fine-Tuning of 100+ LLMs & VLMs (ACL 2024),68760,8385,933,100,43781.5,Python,"agent,ai,deepseek,fine-tuning,gemma,gpt,instruction-tuning,large-language-models,llama,llama3,llm,lora,moe,nlp,peft,qlora,quantization,qwen,rlhf,transformers",2023-05-28T10:09:12Z,2026-03-20T06:32:17Z,2026-03-18T11:18:06Z
2026-03-21,646410686,LlamaFactory,hiyouga/LlamaFactory,https://github.com/hiyouga/LlamaFactory,Unified Efficient Fine-Tuning of 100+ LLMs & VLMs (ACL 2024),68808,8387,931,100,43810.9,Python,"agent,ai,deepseek,fine-tuning,gemma,gpt,instruction-tuning,large-language-models,llama,llama3,llm,lora,moe,nlp,peft,qlora,quantization,qwen,rlhf,transformers",2023-05-28T10:09:12Z,2026-03-21T00:54:16Z,2026-03-20T08:50:12Z
2026-03-22,646410686,LlamaFactory,hiyouga/LlamaFactory,https://github.com/hiyouga/LlamaFactory,Unified Efficient Fine-Tuning of 100+ LLMs & VLMs (ACL 2024),68845,8390,931,100,43834.0,Python,"agent,ai,deepseek,fine-tuning,gemma,gpt,instruction-tuning,large-language-models,llama,llama3,llm,lora,moe,nlp,peft,qlora,quantization,qwen,rlhf,transformers",2023-05-28T10:09:12Z,2026-03-22T00:47:17Z,2026-03-21T18:28:52Z
2026-03-23,646410686,LlamaFactory,hiyouga/LlamaFactory,https://github.com/hiyouga/LlamaFactory,Unified Efficient Fine-Tuning of 100+ LLMs & VLMs (ACL 2024),68890,8395,931,100,43862.5,Python,"agent,ai,deepseek,fine-tuning,gemma,gpt,instruction-tuning,large-language-models,llama,llama3,llm,lora,moe,nlp,peft,qlora,quantization,qwen,rlhf,transformers",2023-05-28T10:09:12Z,2026-03-22T23:34:55Z,2026-03-21T18:28:52Z
2026-03-24,646410686,LlamaFactory,hiyouga/LlamaFactory,https://github.com/hiyouga/LlamaFactory,Unified Efficient Fine-Tuning of 100+ LLMs & VLMs (ACL 2024),68944,8402,935,100,43897.0,Python,"agent,ai,deepseek,fine-tuning,gemma,gpt,instruction-tuning,large-language-models,llama,llama3,llm,lora,moe,nlp,peft,qlora,quantization,qwen,rlhf,transformers",2023-05-28T10:09:12Z,2026-03-24T00:42:23Z,2026-03-21T18:28:52Z
2026-03-19,155220641,transformers,huggingface/transformers,https://github.com/huggingface/transformers,"🤗 Transformers: the model-definition framework for state-of-the-art machine learning models in text, vision, audio, and multimodal models, for both inference and training. ",158071,32541,2291,100,104614.9,Python,"audio,deep-learning,deepseek,gemma,glm,hacktoberfest,llm,machine-learning,model-hub,natural-language-processing,nlp,pretrained-models,python,pytorch,pytorch-transformers,qwen,speech-recognition,transformer,vlm",2018-10-29T13:56:00Z,2026-03-19T09:22:21Z,2026-03-19T08:49:25Z
2026-03-20,155220641,transformers,huggingface/transformers,https://github.com/huggingface/transformers,"🤗 Transformers: the model-definition framework for state-of-the-art machine learning models in text, vision, audio, and multimodal models, for both inference and training. ",158127,32556,2283,100,104653.0,Python,"audio,deep-learning,deepseek,gemma,glm,hacktoberfest,llm,machine-learning,model-hub,natural-language-processing,nlp,pretrained-models,python,pytorch,pytorch-transformers,qwen,speech-recognition,transformer,vlm",2018-10-29T13:56:00Z,2026-03-20T05:51:11Z,2026-03-19T21:22:29Z
2026-03-21,155220641,transformers,huggingface/transformers,https://github.com/huggingface/transformers,"🤗 Transformers: the model-definition framework for state-of-the-art machine learning models in text, vision, audio, and multimodal models, for both inference and training. ",158151,32556,2280,100,104667.4,Python,"audio,deep-learning,deepseek,gemma,glm,hacktoberfest,llm,machine-learning,model-hub,natural-language-processing,nlp,pretrained-models,python,pytorch,pytorch-transformers,qwen,speech-recognition,transformer,vlm",2018-10-29T13:56:00Z,2026-03-21T00:53:06Z,2026-03-20T22:40:40Z
2026-03-22,155220641,transformers,huggingface/transformers,https://github.com/huggingface/transformers,"🤗 Transformers: the model-definition framework for state-of-the-art machine learning models in text, vision, audio, and multimodal models, for both inference and training. ",158209,32560,2298,100,104703.4,Python,"audio,deep-learning,deepseek,gemma,glm,hacktoberfest,llm,machine-learning,model-hub,natural-language-processing,nlp,pretrained-models,python,pytorch,pytorch-transformers,qwen,speech-recognition,transformer,vlm",2018-10-29T13:56:00Z,2026-03-22T00:58:47Z,2026-03-21T20:56:06Z
2026-03-23,155220641,transformers,huggingface/transformers,https://github.com/huggingface/transformers,"🤗 Transformers: the model-definition framework for state-of-the-art machine learning models in text, vision, audio, and multimodal models, for both inference and training. ",158258,32575,2313,100,104737.3,Python,"audio,deep-learning,deepseek,gemma,glm,hacktoberfest,llm,machine-learning,model-hub,natural-language-processing,nlp,pretrained-models,python,pytorch,pytorch-transformers,qwen,speech-recognition,transformer,vlm",2018-10-29T13:56:00Z,2026-03-23T00:28:29Z,2026-03-22T23:03:28Z
2026-03-24,155220641,transformers,huggingface/transformers,https://github.com/huggingface/transformers,"🤗 Transformers: the model-definition framework for state-of-the-art machine learning models in text, vision, audio, and multimodal models, for both inference and training. ",158306,32579,2294,100,104767.3,Python,"audio,deep-learning,deepseek,gemma,glm,hacktoberfest,llm,machine-learning,model-hub,natural-language-processing,nlp,pretrained-models,python,pytorch,pytorch-transformers,qwen,speech-recognition,transformer,vlm",2018-10-29T13:56:00Z,2026-03-23T23:47:20Z,2026-03-23T18:37:43Z
2026-03-19,730534580,ragflow,infiniflow/ragflow,https://github.com/infiniflow/ragflow,RAGFlow is a leading open-source Retrieval-Augmented Generation (RAG) engine that fuses cutting-edge RAG with Agent capabilities to create a superior context layer for LLMs,75480,8453,3130,100,47833.9,Python,"agent,agentic,agentic-ai,agentic-workflow,ai,ai-search,context-engineering,context-retrieval,deep-research,deepseek,deepseek-r1,document-parser,document-understanding,graphrag,llm,mcp,ollama,openai,rag,retrieval-augmented-generation",2023-12-12T06:13:13Z,2026-03-19T09:26:56Z,2026-03-19T09:06:55Z
2026-03-20,730534580,ragflow,infiniflow/ragflow,https://github.com/infiniflow/ragflow,RAGFlow is a leading open-source Retrieval-Augmented Generation (RAG) engine that fuses cutting-edge RAG with Agent capabilities to create a superior context layer for LLMs,75567,8466,3139,100,47890.0,Python,"agent,agentic,agentic-ai,agentic-workflow,ai,ai-search,context-engineering,context-retrieval,deep-research,deepseek,deepseek-r1,document-parser,document-understanding,graphrag,llm,mcp,ollama,openai,rag,retrieval-augmented-generation",2023-12-12T06:13:13Z,2026-03-20T06:50:30Z,2026-03-20T05:15:41Z
2026-03-21,730534580,ragflow,infiniflow/ragflow,https://github.com/infiniflow/ragflow,RAGFlow is a leading open-source Retrieval-Augmented Generation (RAG) engine that fuses cutting-edge RAG with Agent capabilities to create a superior context layer for LLMs,75616,8469,3139,100,47920.3,Python,"agent,agentic,agentic-ai,agentic-workflow,ai,ai-search,context-engineering,context-retrieval,deep-research,deepseek,deepseek-r1,document-parser,document-understanding,graphrag,llm,mcp,ollama,openai,rag,retrieval-augmented-generation",2023-12-12T06:13:13Z,2026-03-21T00:54:13Z,2026-03-20T15:39:34Z
2026-03-22,730534580,ragflow,infiniflow/ragflow,https://github.com/infiniflow/ragflow,RAGFlow is a leading open-source Retrieval-Augmented Generation (RAG) engine that fuses cutting-edge RAG with Agent capabilities to create a superior context layer for LLMs,75727,8478,3141,100,47989.6,Python,"agent,agentic,agentic-ai,agentic-workflow,ai,ai-search,context-engineering,context-retrieval,deep-research,deepseek,deepseek-r1,document-parser,document-understanding,graphrag,llm,mcp,ollama,openai,rag,retrieval-augmented-generation",2023-12-12T06:13:13Z,2026-03-22T00:55:23Z,2026-03-21T10:10:00Z
2026-03-23,730534580,ragflow,infiniflow/ragflow,https://github.com/infiniflow/ragflow,RAGFlow is a leading open-source Retrieval-Augmented Generation (RAG) engine that fuses cutting-edge RAG with Agent capabilities to create a superior context layer for LLMs,75808,8483,3142,100,48039.7,Python,"agent,agentic,agentic-ai,agentic-workflow,ai,ai-search,context-engineering,context-retrieval,deep-research,deepseek,deepseek-r1,document-parser,document-understanding,graphrag,llm,mcp,ollama,openai,rag,retrieval-augmented-generation",2023-12-12T06:13:13Z,2026-03-23T00:55:13Z,2026-03-21T10:10:00Z
2026-03-24,730534580,ragflow,infiniflow/ragflow,https://github.com/infiniflow/ragflow,RAGFlow is a leading open-source Retrieval-Augmented Generation (RAG) engine that fuses cutting-edge RAG with Agent capabilities to create a superior context layer for LLMs,75918,8489,3150,100,48107.49999999999,Python,"agent,agentic,agentic-ai,agentic-workflow,ai,ai-search,context-engineering,context-retrieval,deep-research,deepseek,deepseek-r1,document-parser,document-understanding,graphrag,llm,mcp,ollama,openai,rag,retrieval-augmented-generation",2023-12-12T06:13:13Z,2026-03-24T00:49:30Z,2026-03-23T13:24:40Z
2026-03-19,552661142,langchain,langchain-ai/langchain,https://github.com/langchain-ai/langchain,The agent engineering platform,130167,21464,505,100,84549.4,Python,"agents,ai,ai-agents,anthropic,chatgpt,deepagents,enterprise,framework,gemini,generative-ai,langchain,langgraph,llm,multiagent,open-source,openai,pydantic,python,rag",2022-10-17T02:58:36Z,2026-03-19T09:26:24Z,2026-03-19T08:18:52Z
2026-03-20,552661142,langchain,langchain-ai/langchain,https://github.com/langchain-ai/langchain,The agent engineering platform,130304,21488,475,100,84638.79999999999,Python,"agents,ai,ai-agents,anthropic,chatgpt,deepagents,enterprise,framework,gemini,generative-ai,langchain,langgraph,llm,multiagent,open-source,openai,pydantic,python,rag",2022-10-17T02:58:36Z,2026-03-20T06:59:13Z,2026-03-19T23:35:49Z
2026-03-21,552661142,langchain,langchain-ai/langchain,https://github.com/langchain-ai/langchain,The agent engineering platform,130386,21491,481,100,84688.9,Python,"agents,ai,ai-agents,anthropic,chatgpt,deepagents,enterprise,framework,gemini,generative-ai,langchain,langgraph,llm,multiagent,open-source,openai,pydantic,python,rag",2022-10-17T02:58:36Z,2026-03-21T00:50:37Z,2026-03-20T20:46:08Z
2026-03-22,552661142,langchain,langchain-ai/langchain,https://github.com/langchain-ai/langchain,The agent engineering platform,130502,21498,488,100,84760.59999999999,Python,"agents,ai,ai-agents,anthropic,chatgpt,deepagents,enterprise,framework,gemini,generative-ai,langchain,langgraph,llm,multiagent,open-source,openai,pydantic,python,rag",2022-10-17T02:58:36Z,2026-03-22T01:00:39Z,2026-03-22T00:49:44Z
2026-03-23,552661142,langchain,langchain-ai/langchain,https://github.com/langchain-ai/langchain,The agent engineering platform,130615,21522,490,100,84835.6,Python,"agents,ai,ai-agents,anthropic,chatgpt,deepagents,enterprise,framework,gemini,generative-ai,langchain,langgraph,llm,multiagent,open-source,openai,pydantic,python,rag",2022-10-17T02:58:36Z,2026-03-23T01:00:13Z,2026-03-23T00:42:37Z
2026-03-24,552661142,langchain,langchain-ai/langchain,https://github.com/langchain-ai/langchain,The agent engineering platform,130777,21538,476,100,84937.59999999999,Python,"agents,ai,ai-agents,anthropic,chatgpt,deepagents,enterprise,framework,gemini,generative-ai,langchain,langgraph,llm,multiagent,open-source,openai,pydantic,python,rag",2022-10-17T02:58:36Z,2026-03-24T00:49:24Z,2026-03-23T23:39:38Z
2026-03-19,626805178,dify,langgenius/dify,https://github.com/langgenius/dify,Production-ready platform for agentic workflow development.,133517,20792,804,100,86357.8,TypeScript,"agent,agentic-ai,agentic-framework,agentic-workflow,ai,automation,gemini,genai,gpt,gpt-4,llm,low-code,mcp,nextjs,no-code,openai,orchestration,python,rag,workflow",2023-04-12T07:40:24Z,2026-03-19T09:28:05Z,2026-03-19T09:08:37Z
2026-03-20,626805178,dify,langgenius/dify,https://github.com/langgenius/dify,Production-ready platform for agentic workflow development.,133651,20818,808,100,86445.99999999999,TypeScript,"agent,agentic-ai,agentic-framework,agentic-workflow,ai,automation,gemini,genai,gpt,gpt-4,llm,low-code,mcp,nextjs,no-code,openai,orchestration,python,rag,workflow",2023-04-12T07:40:24Z,2026-03-20T06:56:01Z,2026-03-20T06:58:41Z
2026-03-21,626805178,dify,langgenius/dify,https://github.com/langgenius/dify,Production-ready platform for agentic workflow development.,133744,20838,806,100,86507.79999999999,TypeScript,"agent,agentic-ai,agentic-framework,agentic-workflow,ai,automation,gemini,genai,gpt,gpt-4,llm,low-code,mcp,nextjs,no-code,openai,orchestration,python,rag,workflow",2023-04-12T07:40:24Z,2026-03-21T00:50:43Z,2026-03-20T15:46:20Z
2026-03-22,626805178,dify,langgenius/dify,https://github.com/langgenius/dify,Production-ready platform for agentic workflow development.,133875,20853,808,100,86590.9,TypeScript,"agent,agentic-ai,agentic-framework,agentic-workflow,ai,automation,gemini,genai,gpt,gpt-4,llm,low-code,mcp,nextjs,no-code,openai,orchestration,python,rag,workflow",2023-04-12T07:40:24Z,2026-03-22T01:00:26Z,2026-03-21T22:35:32Z
2026-03-23,626805178,dify,langgenius/dify,https://github.com/langgenius/dify,Production-ready platform for agentic workflow development.,133972,20861,802,100,86651.5,TypeScript,"agent,agentic-ai,agentic-framework,agentic-workflow,ai,automation,gemini,genai,gpt,gpt-4,llm,low-code,mcp,nextjs,no-code,openai,orchestration,python,rag,workflow",2023-04-12T07:40:24Z,2026-03-23T00:44:34Z,2026-03-22T16:29:18Z
2026-03-24,626805178,dify,langgenius/dify,https://github.com/langgenius/dify,Production-ready platform for agentic workflow development.,134149,20885,808,100,86764.9,TypeScript,"agent,agentic-ai,agentic-framework,agentic-workflow,ai,automation,gemini,genai,gpt,gpt-4,llm,low-code,mcp,nextjs,no-code,openai,orchestration,python,rag,workflow",2023-04-12T07:40:24Z,2026-03-24T00:55:54Z,2026-03-24T00:55:34Z
2026-03-19,656099147,mem0,mem0ai/mem0,https://github.com/mem0ai/mem0,Universal memory layer for AI Agents,50378,5608,677,100,31919.2,Python,"agents,ai,ai-agents,application,chatbots,chatgpt,genai,llm,long-term-memory,memory,memory-management,python,rag,state-management",2023-06-20T08:58:36Z,2026-03-19T09:28:08Z,2026-03-19T08:45:38Z
2026-03-20,656099147,mem0,mem0ai/mem0,https://github.com/mem0ai/mem0,Universal memory layer for AI Agents,50472,5627,649,100,31981.3,Python,"agents,ai,ai-agents,application,chatbots,chatgpt,genai,llm,long-term-memory,memory,memory-management,python,rag,state-management",2023-06-20T08:58:36Z,2026-03-20T06:58:28Z,2026-03-20T06:57:10Z
2026-03-21,656099147,mem0,mem0ai/mem0,https://github.com/mem0ai/mem0,Universal memory layer for AI Agents,50545,5632,606,100,32026.6,Python,"agents,ai,ai-agents,application,chatbots,chatgpt,genai,llm,long-term-memory,memory,memory-management,python,rag,state-management",2023-06-20T08:58:36Z,2026-03-21T00:54:55Z,2026-03-21T00:10:06Z
2026-03-22,656099147,mem0,mem0ai/mem0,https://github.com/mem0ai/mem0,Universal memory layer for AI Agents,50628,5649,588,100,32081.5,Python,"agents,ai,ai-agents,application,chatbots,chatgpt,genai,llm,long-term-memory,memory,memory-management,python,rag,state-management",2023-06-20T08:58:36Z,2026-03-22T00:29:43Z,2026-03-22T00:29:28Z
2026-03-23,656099147,mem0,mem0ai/mem0,https://github.com/mem0ai/mem0,Universal memory layer for AI Agents,50714,5668,595,100,32138.8,Python,"agents,ai,ai-agents,application,chatbots,chatgpt,genai,llm,long-term-memory,memory,memory-management,python,rag,state-management",2023-06-20T08:58:36Z,2026-03-23T00:38:02Z,2026-03-22T00:29:28Z
2026-03-24,656099147,mem0,mem0ai/mem0,https://github.com/mem0ai/mem0,Universal memory layer for AI Agents,50835,5687,563,100,32217.1,Python,"agents,ai,ai-agents,application,chatbots,chatgpt,genai,llm,long-term-memory,memory,memory-management,python,rag,state-management",2023-06-20T08:58:36Z,2026-03-24T00:02:11Z,2026-03-23T16:13:14Z
2026-03-19,655099582,llm-course,mlabonne/llm-course,https://github.com/mlabonne/llm-course,Course to get into Large Language Models (LLMs) with roadmaps and Colab notebooks.,77030,8905,78,3,48889.8,,"course,large-language-models,llm,machine-learning,roadmap",2023-06-17T22:16:25Z,2026-03-19T09:17:34Z,2026-02-05T13:09:26Z
2026-03-20,655099582,llm-course,mlabonne/llm-course,https://github.com/mlabonne/llm-course,Course to get into Large Language Models (LLMs) with roadmaps and Colab notebooks.,77089,8909,78,3,48926.4,,"course,large-language-models,llm,machine-learning,roadmap",2023-06-17T22:16:25Z,2026-03-20T06:16:22Z,2026-02-05T13:09:26Z
2026-03-21,655099582,llm-course,mlabonne/llm-course,https://github.com/mlabonne/llm-course,Course to get into Large Language Models (LLMs) with roadmaps and Colab notebooks.,77114,8905,78,3,48940.2,,"course,large-language-models,llm,machine-learning,roadmap",2023-06-17T22:16:25Z,2026-03-21T00:47:50Z,2026-02-05T13:09:26Z
2026-03-22,655099582,llm-course,mlabonne/llm-course,https://github.com/mlabonne/llm-course,Course to get into Large Language Models (LLMs) with roadmaps and Colab notebooks.,77152,8912,78,3,48965.1,,"course,large-language-models,llm,machine-learning,roadmap",2023-06-17T22:16:25Z,2026-03-22T00:22:44Z,2026-02-05T13:09:26Z
2026-03-23,655099582,llm-course,mlabonne/llm-course,https://github.com/mlabonne/llm-course,Course to get into Large Language Models (LLMs) with roadmaps and Colab notebooks.,77187,8916,78,3,48987.3,,"course,large-language-models,llm,machine-learning,roadmap",2023-06-17T22:16:25Z,2026-03-22T23:33:25Z,2026-02-05T13:09:26Z
2026-03-24,655099582,llm-course,mlabonne/llm-course,https://github.com/mlabonne/llm-course,Course to get into Large Language Models (LLMs) with roadmaps and Colab notebooks.,77257,8925,78,3,49032.0,,"course,large-language-models,llm,machine-learning,roadmap",2023-06-17T22:16:25Z,2026-03-24T00:48:12Z,2026-02-05T13:09:26Z
2026-03-19,658928958,ollama,ollama/ollama,https://github.com/ollama/ollama,"Get up and running with Kimi-K2.5, GLM-5, MiniMax, DeepSeek, gpt-oss, Qwen, Gemma and other models.",165541,15052,2679,100,103850.2,Go,"deepseek,gemma,gemma3,glm,go,golang,gpt-oss,llama,llama3,llm,llms,minimax,mistral,ollama,qwen",2023-06-26T19:39:32Z,2026-03-19T09:26:11Z,2026-03-19T00:09:53Z
2026-03-20,658928958,ollama,ollama/ollama,https://github.com/ollama/ollama,"Get up and running with Kimi-K2.5, GLM-5, MiniMax, DeepSeek, gpt-oss, Qwen, Gemma and other models.",165635,15067,2695,100,103911.1,Go,"deepseek,gemma,gemma3,glm,go,golang,gpt-oss,llama,llama3,llm,llms,minimax,mistral,ollama,qwen",2023-06-26T19:39:32Z,2026-03-20T06:44:18Z,2026-03-20T00:44:30Z
2026-03-21,658928958,ollama,ollama/ollama,https://github.com/ollama/ollama,"Get up and running with Kimi-K2.5, GLM-5, MiniMax, DeepSeek, gpt-oss, Qwen, Gemma and other models.",165704,15081,2689,100,103956.7,Go,"deepseek,gemma,gemma3,glm,go,golang,gpt-oss,llama,llama3,llm,llms,minimax,mistral,ollama,qwen",2023-06-26T19:39:32Z,2026-03-20T23:59:12Z,2026-03-20T23:32:53Z
2026-03-22,658928958,ollama,ollama/ollama,https://github.com/ollama/ollama,"Get up and running with Kimi-K2.5, GLM-5, MiniMax, DeepSeek, gpt-oss, Qwen, Gemma and other models.",165805,15096,2697,100,104021.8,Go,"deepseek,gemma,gemma3,glm,go,golang,gpt-oss,llama,llama3,llm,llms,minimax,mistral,ollama,qwen",2023-06-26T19:39:32Z,2026-03-22T00:59:44Z,2026-03-20T23:32:53Z
2026-03-23,658928958,ollama,ollama/ollama,https://github.com/ollama/ollama,"Get up and running with Kimi-K2.5, GLM-5, MiniMax, DeepSeek, gpt-oss, Qwen, Gemma and other models.",165888,15106,2710,100,104074.6,Go,"deepseek,gemma,gemma3,glm,go,golang,gpt-oss,llama,llama3,llm,llms,minimax,mistral,ollama,qwen",2023-06-26T19:39:32Z,2026-03-23T00:53:02Z,2026-03-22T21:05:52Z
2026-03-24,658928958,ollama,ollama/ollama,https://github.com/ollama/ollama,"Get up and running with Kimi-K2.5, GLM-5, MiniMax, DeepSeek, gpt-oss, Qwen, Gemma and other models.",165975,15122,2707,100,104131.6,Go,"deepseek,gemma,gemma3,glm,go,golang,gpt-oss,llama,llama3,llm,llms,minimax,mistral,ollama,qwen",2023-06-26T19:39:32Z,2026-03-24T00:44:26Z,2026-03-24T00:44:21Z
2026-03-19,701547123,open-webui,open-webui/open-webui,https://github.com/open-webui/open-webui,"User-friendly AI Interface (Supports Ollama, OpenAI API, ...)",127806,18061,311,100,82111.9,Python,"ai,llm,llm-ui,llm-webui,llms,mcp,ollama,ollama-webui,open-webui,openai,openapi,rag,self-hosted,ui,webui",2023-10-06T22:08:27Z,2026-03-19T09:22:37Z,2026-03-18T22:42:25Z
2026-03-20,701547123,open-webui,open-webui/open-webui,https://github.com/open-webui/open-webui,"User-friendly AI Interface (Supports Ollama, OpenAI API, ...)",127942,18078,322,100,82198.59999999999,Python,"ai,llm,llm-ui,llm-webui,llms,mcp,ollama,ollama-webui,open-webui,openai,openapi,rag,self-hosted,ui,webui",2023-10-06T22:08:27Z,2026-03-20T07:00:03Z,2026-03-20T00:52:44Z
2026-03-21,701547123,open-webui,open-webui/open-webui,https://github.com/open-webui/open-webui,"User-friendly AI Interface (Supports Ollama, OpenAI API, ...)",128029,18095,320,100,82255.9,Python,"ai,llm,llm-ui,llm-webui,llms,mcp,ollama,ollama-webui,open-webui,openai,openapi,rag,self-hosted,ui,webui",2023-10-06T22:08:27Z,2026-03-21T00:31:44Z,2026-03-20T23:54:16Z
2026-03-22,701547123,open-webui,open-webui/open-webui,https://github.com/open-webui/open-webui,"User-friendly AI Interface (Supports Ollama, OpenAI API, ...)",128157,18114,284,100,82338.4,Python,"ai,llm,llm-ui,llm-webui,llms,mcp,ollama,ollama-webui,open-webui,openai,openapi,rag,self-hosted,ui,webui",2023-10-06T22:08:27Z,2026-03-22T01:00:52Z,2026-03-22T00:53:47Z
2026-03-23,701547123,open-webui,open-webui/open-webui,https://github.com/open-webui/open-webui,"User-friendly AI Interface (Supports Ollama, OpenAI API, ...)",128288,18126,273,100,82420.6,Python,"ai,llm,llm-ui,llm-webui,llms,mcp,ollama,ollama-webui,open-webui,openai,openapi,rag,self-hosted,ui,webui",2023-10-06T22:08:27Z,2026-03-23T00:56:19Z,2026-03-22T11:59:56Z
2026-03-24,701547123,open-webui,open-webui/open-webui,https://github.com/open-webui/open-webui,"User-friendly AI Interface (Supports Ollama, OpenAI API, ...)",128410,18148,286,100,82500.4,Python,"ai,llm,llm-ui,llm-webui,llms,mcp,ollama,ollama-webui,open-webui,openai,openapi,rag,self-hosted,ui,webui",2023-10-06T22:08:27Z,2026-03-24T00:41:38Z,2026-03-24T00:46:25Z
2026-03-19,668195240,llm-app,pathwaycom/llm-app,https://github.com/pathwaycom/llm-app,"Ready-to-run cloud templates for RAG, AI pipelines, and enterprise search with live data. 🐳Docker-friendly.⚡Always in sync with Sharepoint, Google Drive, S3, Kafka, PostgreSQL, real-time data APIs, and more.",57451,1388,8,23,34889.3,Jupyter Notebook,"chatbot,hugging-face,llm,llm-local,llm-prompting,llm-security,llmops,machine-learning,open-ai,pathway,rag,real-time,retrieval-augmented-generation,vector-database,vector-index",2023-07-19T08:43:37Z,2026-03-19T09:28:04Z,2026-01-07T11:59:38Z
2026-03-20,668195240,llm-app,pathwaycom/llm-app,https://github.com/pathwaycom/llm-app,"Ready-to-run cloud templates for RAG, AI pipelines, and enterprise search with live data. 🐳Docker-friendly.⚡Always in sync with Sharepoint, Google Drive, S3, Kafka, PostgreSQL, real-time data APIs, and more.",57850,1392,8,23,35129.9,Jupyter Notebook,"chatbot,hugging-face,llm,llm-local,llm-prompting,llm-security,llmops,machine-learning,open-ai,pathway,rag,real-time,retrieval-augmented-generation,vector-database,vector-index",2023-07-19T08:43:37Z,2026-03-20T06:59:47Z,2026-01-07T11:59:38Z
2026-03-21,668195240,llm-app,pathwaycom/llm-app,https://github.com/pathwaycom/llm-app,"Ready-to-run cloud templates for RAG, AI pipelines, and enterprise search with live data. 🐳Docker-friendly.⚡Always in sync with Sharepoint, Google Drive, S3, Kafka, PostgreSQL, real-time data APIs, and more.",58078,1386,8,23,35264.9,Jupyter Notebook,"chatbot,hugging-face,llm,llm-local,llm-prompting,llm-security,llmops,machine-learning,open-ai,pathway,rag,real-time,retrieval-augmented-generation,vector-database,vector-index",2023-07-19T08:43:37Z,2026-03-20T21:10:15Z,2026-01-07T11:59:38Z
2026-03-22,668195240,llm-app,pathwaycom/llm-app,https://github.com/pathwaycom/llm-app,"Ready-to-run cloud templates for RAG, AI pipelines, and enterprise search with live data. 🐳Docker-friendly.⚡Always in sync with Sharepoint, Google Drive, S3, Kafka, PostgreSQL, real-time data APIs, and more.",58432,1389,8,23,35478.2,Jupyter Notebook,"chatbot,hugging-face,llm,llm-local,llm-prompting,llm-security,llmops,machine-learning,open-ai,pathway,rag,real-time,retrieval-augmented-generation,vector-database,vector-index",2023-07-19T08:43:37Z,2026-03-21T21:39:34Z,2026-01-07T11:59:38Z
2026-03-23,668195240,llm-app,pathwaycom/llm-app,https://github.com/pathwaycom/llm-app,"Ready-to-run cloud templates for RAG, AI pipelines, and enterprise search with live data. 🐳Docker-friendly.⚡Always in sync with Sharepoint, Google Drive, S3, Kafka, PostgreSQL, real-time data APIs, and more.",58607,1390,8,23,35583.5,Jupyter Notebook,"chatbot,hugging-face,llm,llm-local,llm-prompting,llm-security,llmops,machine-learning,open-ai,pathway,rag,real-time,retrieval-augmented-generation,vector-database,vector-index",2023-07-19T08:43:37Z,2026-03-23T00:34:21Z,2026-01-07T11:59:38Z
2026-03-24,668195240,llm-app,pathwaycom/llm-app,https://github.com/pathwaycom/llm-app,"Ready-to-run cloud templates for RAG, AI pipelines, and enterprise search with live data. 🐳Docker-friendly.⚡Always in sync with Sharepoint, Google Drive, S3, Kafka, PostgreSQL, real-time data APIs, and more.",58762,1394,8,23,35677.7,Jupyter Notebook,"chatbot,hugging-face,llm,llm-local,llm-prompting,llm-security,llmops,machine-learning,open-ai,pathway,rag,real-time,retrieval-augmented-generation,vector-database,vector-index",2023-07-19T08:43:37Z,2026-03-24T00:36:40Z,2026-01-07T11:59:38Z
2026-03-19,669879380,LLMs-from-scratch,rasbt/LLMs-from-scratch,https://github.com/rasbt/LLMs-from-scratch,"Implement a ChatGPT-like LLM in PyTorch from scratch, step by step",88702,13542,5,57,57289.49999999999,Jupyter Notebook,"ai,artificial-intelligence,chatbot,chatgpt,deep-learning,from-scratch,generative-ai,gpt,language-model,large-language-models,llm,machine-learning,neural-networks,python,pytorch,transformers",2023-07-23T18:15:57Z,2026-03-19T09:19:09Z,2026-03-07T23:05:50Z
2026-03-20,669879380,LLMs-from-scratch,rasbt/LLMs-from-scratch,https://github.com/rasbt/LLMs-from-scratch,"Implement a ChatGPT-like LLM in PyTorch from scratch, step by step",88784,13566,7,57,57345.9,Jupyter Notebook,"ai,artificial-intelligence,chatbot,chatgpt,deep-learning,from-scratch,generative-ai,gpt,language-model,large-language-models,llm,machine-learning,neural-networks,python,pytorch,transformers",2023-07-23T18:15:57Z,2026-03-20T06:49:39Z,2026-03-07T23:05:50Z
2026-03-21,669879380,LLMs-from-scratch,rasbt/LLMs-from-scratch,https://github.com/rasbt/LLMs-from-scratch,"Implement a ChatGPT-like LLM in PyTorch from scratch, step by step",88837,13566,3,57,57377.7,Jupyter Notebook,"ai,artificial-intelligence,chatbot,chatgpt,deep-learning,from-scratch,generative-ai,gpt,language-model,large-language-models,llm,machine-learning,neural-networks,python,pytorch,transformers",2023-07-23T18:15:57Z,2026-03-21T00:53:50Z,2026-03-21T00:47:52Z
2026-03-22,669879380,LLMs-from-scratch,rasbt/LLMs-from-scratch,https://github.com/rasbt/LLMs-from-scratch,"Implement a ChatGPT-like LLM in PyTorch from scratch, step by step",88924,13579,4,57,57433.8,Jupyter Notebook,"ai,artificial-intelligence,chatbot,chatgpt,deep-learning,from-scratch,generative-ai,gpt,language-model,large-language-models,llm,machine-learning,neural-networks,python,pytorch,transformers",2023-07-23T18:15:57Z,2026-03-22T00:58:17Z,2026-03-21T00:47:52Z
2026-03-23,669879380,LLMs-from-scratch,rasbt/LLMs-from-scratch,https://github.com/rasbt/LLMs-from-scratch,"Implement a ChatGPT-like LLM in PyTorch from scratch, step by step",89009,13590,4,57,57488.1,Jupyter Notebook,"ai,artificial-intelligence,chatbot,chatgpt,deep-learning,from-scratch,generative-ai,gpt,language-model,large-language-models,llm,machine-learning,neural-networks,python,pytorch,transformers",2023-07-23T18:15:57Z,2026-03-23T00:37:48Z,2026-03-21T00:47:52Z
2026-03-24,669879380,LLMs-from-scratch,rasbt/LLMs-from-scratch,https://github.com/rasbt/LLMs-from-scratch,"Implement a ChatGPT-like LLM in PyTorch from scratch, step by step",89092,13592,4,57,57538.49999999999,Jupyter Notebook,"ai,artificial-intelligence,chatbot,chatgpt,deep-learning,from-scratch,generative-ai,gpt,language-model,large-language-models,llm,machine-learning,neural-networks,python,pytorch,transformers",2023-07-23T18:15:57Z,2026-03-24T00:52:15Z,2026-03-21T00:47:52Z
2026-03-19,725205304,unsloth,unslothai/unsloth,https://github.com/unslothai/unsloth,"Unified web UI for training and running open models like Qwen, DeepSeek, gpt-oss and Gemma locally.",56250,4714,984,100,35174.2,Python,"agent,deepseek,deepseek-r1,fine-tuning,gemma,gemma3,gpt-oss,llama,llama3,llm,llms,mistral,openai,qwen,qwen3,reinforcement-learning,text-to-speech,tts,unsloth,voice-cloning",2023-11-29T16:50:09Z,2026-03-19T09:28:58Z,2026-03-19T09:28:53Z
2026-03-20,725205304,unsloth,unslothai/unsloth,https://github.com/unslothai/unsloth,"Unified web UI for training and running open models like Qwen, DeepSeek, gpt-oss and Gemma locally.",56885,4775,997,100,35573.5,Python,"agent,deepseek,deepseek-r1,fine-tuning,gemma,gemma3,gpt-oss,llama,llama3,llm,llms,mistral,openai,qwen,qwen3,reinforcement-learning,text-to-speech,tts,unsloth,voice-cloning",2023-11-29T16:50:09Z,2026-03-20T06:59:48Z,2026-03-20T06:57:42Z
2026-03-21,725205304,unsloth,unslothai/unsloth,https://github.com/unslothai/unsloth,"Unified web UI for training and running open models like Qwen, DeepSeek, gpt-oss and Gemma locally.",57126,4799,1006,100,35725.3,Python,"agent,deepseek,deepseek-r1,fine-tuning,gemma,gemma3,gpt-oss,llama,llama3,llm,llms,mistral,openai,qwen,qwen3,reinforcement-learning,text-to-speech,tts,unsloth,voice-cloning",2023-11-29T16:50:09Z,2026-03-21T00:53:47Z,2026-03-20T21:39:12Z
2026-03-22,725205304,unsloth,unslothai/unsloth,https://github.com/unslothai/unsloth,"Unified web UI for training and running open models like Qwen, DeepSeek, gpt-oss and Gemma locally.",57365,4827,1024,100,35877.1,Python,"agent,deepseek,deepseek-r1,fine-tuning,gemma,gemma3,gpt-oss,llama,llama3,llm,llms,mistral,openai,qwen,qwen3,reinforcement-learning,text-to-speech,tts,unsloth,voice-cloning",2023-11-29T16:50:09Z,2026-03-22T01:01:03Z,2026-03-21T21:55:18Z
2026-03-23,725205304,unsloth,unslothai/unsloth,https://github.com/unslothai/unsloth,"Unified web UI for training and running open models like Qwen, DeepSeek, gpt-oss and Gemma locally.",57561,4851,1023,100,36001.9,Python,"agent,deepseek,fine-tuning,gemma,gemma3,gpt-oss,llama,llama3,llm,llms,mistral,openai,qwen,reinforcement-learning,self-hosted,text-to-speech,tts,ui,unsloth",2023-11-29T16:50:09Z,2026-03-23T01:03:04Z,2026-03-22T22:07:04Z
2026-03-24,725205304,unsloth,unslothai/unsloth,https://github.com/unslothai/unsloth,"Unsloth Studio is a web UI for training and running open models like Qwen, DeepSeek, gpt-oss and Gemma locally.",57810,4878,1034,100,36159.4,Python,"agent,deepseek,fine-tuning,gemma,gemma3,gpt-oss,llama,llama3,llm,llms,mistral,openai,qwen,reinforcement-learning,self-hosted,text-to-speech,tts,ui,unsloth",2023-11-29T16:50:09Z,2026-03-24T00:50:40Z,2026-03-23T21:55:29Z
2026-03-19,599547518,vllm,vllm-project/vllm,https://github.com/vllm-project/vllm,A high-throughput and memory-efficient inference and serving engine for LLMs,73637,14535,3787,100,48552.7,Python,"amd,blackwell,cuda,deepseek,deepseek-v3,gpt,gpt-oss,inference,kimi,llama,llm,llm-serving,model-serving,moe,openai,pytorch,qwen,qwen3,tpu,transformer",2023-02-09T11:23:20Z,2026-03-19T09:23:31Z,2026-03-19T09:23:24Z
2026-03-20,599547518,vllm,vllm-project/vllm,https://github.com/vllm-project/vllm,A high-throughput and memory-efficient inference and serving engine for LLMs,73756,14565,3811,100,48633.1,Python,"amd,blackwell,cuda,deepseek,deepseek-v3,gpt,gpt-oss,inference,kimi,llama,llm,llm-serving,model-serving,moe,openai,pytorch,qwen,qwen3,tpu,transformer",2023-02-09T11:23:20Z,2026-03-20T06:54:19Z,2026-03-20T06:35:47Z
2026-03-21,599547518,vllm,vllm-project/vllm,https://github.com/vllm-project/vllm,A high-throughput and memory-efficient inference and serving engine for LLMs,73811,14584,3820,100,48671.8,Python,"amd,blackwell,cuda,deepseek,deepseek-v3,gpt,gpt-oss,inference,kimi,llama,llm,llm-serving,model-serving,moe,openai,pytorch,qwen,qwen3,tpu,transformer",2023-02-09T11:23:20Z,2026-03-21T00:53:47Z,2026-03-20T23:13:02Z
2026-03-22,599547518,vllm,vllm-project/vllm,https://github.com/vllm-project/vllm,A high-throughput and memory-efficient inference and serving engine for LLMs,73883,14614,3811,100,48723.99999999999,Python,"amd,blackwell,cuda,deepseek,deepseek-v3,gpt,gpt-oss,inference,kimi,llama,llm,llm-serving,model-serving,moe,openai,pytorch,qwen,qwen3,tpu,transformer",2023-02-09T11:23:20Z,2026-03-22T01:00:23Z,2026-03-22T00:59:09Z
2026-03-23,599547518,vllm,vllm-project/vllm,https://github.com/vllm-project/vllm,A high-throughput and memory-efficient inference and serving engine for LLMs,73969,14635,3822,100,48781.9,Python,"amd,blackwell,cuda,deepseek,deepseek-v3,gpt,gpt-oss,inference,kimi,llama,llm,llm-serving,model-serving,moe,openai,pytorch,qwen,qwen3,tpu,transformer",2023-02-09T11:23:20Z,2026-03-23T00:57:49Z,2026-03-22T23:30:26Z
2026-03-24,599547518,vllm,vllm-project/vllm,https://github.com/vllm-project/vllm,A high-throughput and memory-efficient inference and serving engine for LLMs,74100,14678,3862,100,48873.4,Python,"amd,blackwell,cuda,deepseek,deepseek-v3,gpt,gpt-oss,inference,kimi,llama,llm,llm-serving,model-serving,moe,openai,pytorch,qwen,qwen3,tpu,transformer",2023-02-09T11:23:20Z,2026-03-24T00:50:02Z,2026-03-24T00:49:56Z
